brand,product_name,product_url,product_image_url,on_sale_flag,sale_price,msrp_price,sale_perc_off
Blank NYC,Jumpsuit w/ Ruffle Detail,https://www.zappos.com/p/blank-nyc-jumpsuit-w-ruffle-detail-the-one/product/9489968/color/544009,https://m.media-amazon.com/images/I/717EZ8bvbsL.AC_SX1200.jpg,1,89.99,148.0,39.0
Blue by Betsey Johnson,Kassie,https://www.zappos.com/p/blue-by-betsey-johnson-kassie-red-multi/product/9492197/color/590,https://m.media-amazon.com/images/I/814o2ReEo5L.AC_SX600.jpg,1,89.0,89.0,0.0
Matt & Nat,Brave Micro - Dwell,https://www.zappos.com/p/matt-nat-brave-micro-dwell-chai/product/9478594/color/29228,https://m.media-amazon.com/images/I/711GstLp0gL.AC_SX600.jpg,1,94.95,94.95,0.0
Swatch,Redvremya - SO29R700,https://www.zappos.com/p/swatch-redvremya-so29r700-red/product/9494419/color/585,https://m.media-amazon.com/images/I/61OBotPVwmL.AC_SX600.jpg,1,80.0,80.0,0.0
8 Other Reasons,Essential Hoop Earrings Set,https://www.zappos.com/p/8-other-reasons-essential-hoop-earrings-set-gold/product/9490902/color/385,https://m.media-amazon.com/images/I/71mMl-n+rCL.AC_SX600.jpg,1,73.0,73.0,0.0
P.J. Salvage,City Nights Starry Pj Set,https://www.zappos.com/p/p-j-salvage-city-nights-starry-pj-set-black/product/9455104/color/3,https://m.media-amazon.com/images/I/71Yo66eRe+L.AC_SX600.jpg,1,99.0,99.0,0.0
Dolce Vita,Pillar,https://www.zappos.com/p/dolce-vita-pillar-leopard-faux-fur/product/9479180/color/50414,https://m.media-amazon.com/images/I/714zY7VLIWL.AC_SX600.jpg,1,59.95,59.95,0.0
Happy Socks,4-Pack Disney Holiday Gift Set,https://www.zappos.com/p/happy-socks-4-pack-disney-holiday-gift-set-dark-red/product/9438728/color/4188,https://m.media-amazon.com/images/I/810xz0FJFiL.AC_SX600.jpg,1,64.0,64.0,0.0
Topo Designs,Mini Quick Pack,https://www.zappos.com/p/topo-designs-mini-quick-pack-natural-canvas/product/9199844/color/7335,https://m.media-amazon.com/images/I/71njJ46twYL.AC_SX600.jpg,1,54.95,54.95,0.0
Converse,Chuck Taylor All Star Padded Collar Boot - Hi,https://www.zappos.com/p/converse-chuck-taylor-all-star-padded-collar-boot-hi-dark-root-white-black/product/9111561/color/872161,https://m.media-amazon.com/images/I/71P0ioZ59wL.AC_SX600.jpg,1,80.0,80.0,0.0
The North Face,Hayden Pass 2.0 Shirt,https://www.zappos.com/p/the-north-face-hayden-pass-2-0-shirt-pink-clay-heritage-medium-two-color-plaid/product/9401093/color/870770,https://m.media-amazon.com/images/I/81lBitm0jmL.AC_SX600.jpg,1,68.95,68.95,0.0
Timbuk2,Classic Messenger - Extra Small,https://www.zappos.com/p/timbuk2-classic-messenger-extra-small-dune/product/8825725/color/769,https://m.media-amazon.com/images/I/91Y1r5vAcGL.AC_SX1200.jpg,1,64.25,79.0,19.0
Polo Ralph Lauren,Microfiber Plush Long Sleeve Shawl Collar Robe,https://www.zappos.com/p/polo-ralph-lauren-microfiber-plush-long-sleeve-shawl-collar-robe-wallace-plaid-basic-gold-pony-player/product/9121031/color/904942,https://m.media-amazon.com/images/I/814+g+DUVsL.AC_SX600.jpg,1,67.5,90.0,25.0
Birkenstock,Zermatt Shearling,https://www.zappos.com/p/birkenstock-zermatt-shearling-mocha/product/9421650/color/464,https://m.media-amazon.com/images/I/71l9u9fQXGL.AC_SX600.jpg,1,99.95,99.95,0.0
Happy Socks,4-Pack Classic Holiday Socks Gift Set,https://www.zappos.com/p/happy-socks-4-pack-classic-holiday-socks-gift-set-multi/product/9438732/color/767,https://m.media-amazon.com/images/I/81+aaPSQG2L.AC_SX600.jpg,1,48.0,48.0,0.0
UGG,Duffield Throw II,https://www.zappos.com/p/ugg-duffield-throw-ii-port-heather/product/9255836/color/175883,https://m.media-amazon.com/images/I/81yb2RB9zxL.AC_SX600.jpg,1,97.95,97.95,0.0
UGG,Betsey,https://www.zappos.com/p/ugg-betsey-black/product/9428313/color/3,https://m.media-amazon.com/images/I/71SjurekIsL.AC_SX600.jpg,1,77.95,77.95,0.0
STEVEN NEW YORK,Chime,https://www.zappos.com/p/steven-new-york-chime-leopard/product/9449163/color/429,https://m.media-amazon.com/images/I/81UJfUnO8wL.AC_SX600.jpg,1,89.99,99.0,9.0
Rebecca Minkoff,Leo Clutch,https://www.zappos.com/p/rebecca-minkoff-leo-clutch-champagne-2/product/8452199/color/400033,https://m.media-amazon.com/images/I/A1zMfUnoQ5L.AC_SX600.jpg,1,94.95,94.95,0.0
Kendra Scott,Anna Cuff Bracelet,https://www.zappos.com/p/kendra-scott-anna-cuff-bracelet-vintage-gold-black-pyrite/product/9475218/color/899175,https://m.media-amazon.com/images/I/71Pwa6zUoDL.AC_SX600.jpg,1,68.6,98.0,30.0
Timex,34 mm Standard,https://www.zappos.com/p/timex-34-mm-standard-gold-silver-tan/product/9427532/color/880340,https://m.media-amazon.com/images/I/61zUfO-MveL.AC_SX600.jpg,1,79.0,79.0,0.0
AllSaints,Multi Chain Row Bib Necklace,https://www.zappos.com/p/allsaints-multi-chain-row-bib-necklace-black-warm-brass/product/9475801/color/899437,https://m.media-amazon.com/images/I/61hbwd-v8dL.AC_SX600.jpg,1,69.0,69.0,0.0
COACH,Box Program Crossgrain Mini ID Skinny,https://www.zappos.com/p/coach-box-program-crossgrain-mini-id-skinny-gd-1941-saddle/product/9476069/color/793336,https://m.media-amazon.com/images/I/81tPnRHtXrL.AC_SX1200.jpg,1,45.5,65.0,30.0
The North Face,Echo Rock Pullover Hoodie,https://www.zappos.com/p/the-north-face-echo-rock-pullover-hoodie-caldera-red/product/9328437/color/71630,https://m.media-amazon.com/images/I/71-dxQMt8fL.AC_SX600.jpg,1,62.25,89.0,30.0
Lacoste,Powercourt 0520 1,https://www.zappos.com/p/lacoste-powercourt-0520-1-white-red/product/9449417/color/754,https://m.media-amazon.com/images/I/61UF1PsznhL.AC_SX600.jpg,1,62.34,90.0,31.0
Nike,Utility Power Backpack,https://www.zappos.com/p/nike-utility-power-backpack-black-black-enigma-stone/product/9375336/color/861865,https://m.media-amazon.com/images/I/71vHWcZ1zAL.AC_SX600.jpg,1,89.95,89.95,0.0
Nike,Tiger Woods Perf Mesh II,https://www.zappos.com/p/nike-tiger-woods-perf-mesh-ii-black/product/8140344/color/3,https://m.media-amazon.com/images/I/81QZFJ+yA0L.AC_SX600.jpg,1,75.0,75.0,0.0
Dolce Vita,Mochi,https://www.zappos.com/p/dolce-vita-mochi-black-plush/product/9479181/color/65437,https://m.media-amazon.com/images/I/71hu4ojUscL.AC_SX600.jpg,1,59.95,59.95,0.0
Kate Spade New York,Brushed Jersey Jogger Long Pajama Set,https://www.zappos.com/p/kate-spade-new-york-brushed-jersey-jogger-long-pajama-set-leopard/product/9443315/color/429,https://m.media-amazon.com/images/I/81x2Br1xeRL.AC_SX600.jpg,1,78.0,78.0,0.0
DV Dolce Vita,Vox,https://www.zappos.com/p/dv-dolce-vita-vox-bone/product/9464414/color/5,https://m.media-amazon.com/images/I/71f1-fhGFYL.AC_SX600.jpg,1,63.11,79.0,20.0
The North Face,Venture 2 Jacket,https://www.zappos.com/p/the-north-face-venture-2-jacket-pink-clay/product/8798192/color/369985,https://m.media-amazon.com/images/I/71AOzInXU0L.AC_SX600.jpg,1,98.95,98.95,0.0
The North Face,Thermoball Microbaffle Bootie Zip,https://www.zappos.com/p/the-north-face-thermoball-microbaffle-bootie-zip-zinc-grey-micro-chip-grey/product/9259098/color/823987,https://m.media-amazon.com/images/I/71v36vUpctL.AC_SX600.jpg,1,94.95,94.95,0.0
Paul Smith,3-Pack No Show Socks,https://www.zappos.com/p/paul-smith-3-pack-no-show-socks-black-grey-navy/product/9417418/color/67712,https://m.media-amazon.com/images/I/71ylUzpG2cL.AC_SX600.jpg,1,52.99,65.0,18.0
Pendleton,Chief Joseph Muchacho Blanket,https://www.zappos.com/p/pendleton-chief-joseph-muchacho-blanket-grey/product/8791440/color/401,https://m.media-amazon.com/images/I/91oPiIB0FOL.AC_SX1200.jpg,1,74.63,99.5,25.0
UGG,Polartec (T) Sherpa Behind the Head Earmuff,https://www.zappos.com/p/ugg-polartec-t-sherpa-behind-the-head-earmuff-light-grey/product/9421846/color/6700,https://m.media-amazon.com/images/I/81jLKMS8r+L.AC_SX600.jpg,1,,,0.0
Dockers,Sutler,https://www.zappos.com/p/dockers-sutler-brown-distressed-synthetic/product/9451442/color/888364,https://m.media-amazon.com/images/I/81J7EZj982L.AC_SX600.jpg,1,69.95,90.0,22.0
Fjällräven,Kånken Mini,https://www.zappos.com/p/fjallraven-kanken-mini-mint-green-cool-white/product/8291454/color/873040,https://m.media-amazon.com/images/I/81l3c7ute7L.AC_SX600.jpg,1,69.95,75.0,7.0
Swarovski,The Elements Bracelet,https://www.zappos.com/p/swarovski-the-elements-bracelet-green/product/9467305/color/396,https://m.media-amazon.com/images/I/71jJNlmu68L.AC_SX600.jpg,1,66.75,89.0,25.0
ALDO,Antarcticc,https://www.zappos.com/p/aldo-antarcticc-cognac/product/9466161/color/184651,https://m.media-amazon.com/images/I/71x059cUuPL.AC_SX600.jpg,1,59.95,59.95,0.0
DV Dolce Vita,Heleen,https://www.zappos.com/p/dv-dolce-vita-heleen-brown-multi/product/9454969/color/3091,https://m.media-amazon.com/images/I/81WGbe1UgcL.AC_SX600.jpg,1,70.99,79.0,10.0
MIA,Grant,https://www.zappos.com/p/mia-grant-black/product/9466000/color/3,https://m.media-amazon.com/images/I/81rZyKBXkVL.AC_SX600.jpg,1,69.0,69.0,0.0
MICHAEL Michael Kors,MK Logo Mid Rain Bootie,https://www.zappos.com/p/michael-michael-kors-mk-logo-mid-rain-bootie-black/product/9470796/color/3,https://m.media-amazon.com/images/I/71aEwIcVqlL.AC_SX600.jpg,1,99.0,99.0,0.0
The North Face,Gordon Lyons Vest,https://www.zappos.com/p/the-north-face-gordon-lyons-vest-hawthorne-khaki-heather/product/9226671/color/870706,https://m.media-amazon.com/images/I/81At2reQxxL.AC_SX600.jpg,1,62.25,89.0,30.0
Sperry,Saltwater Duck,https://www.zappos.com/p/sperry-saltwater-duck-tan-brown/product/9414421/color/680,https://m.media-amazon.com/images/I/71XxVYHOLpL.AC_SX600.jpg,1,99.95,99.95,0.0
Spanx,Faux Leather Camo Leggings,https://www.zappos.com/p/spanx-faux-leather-camo-leggings-matte-black-camo/product/9120497/color/468469,https://m.media-amazon.com/images/I/714uYujXzeL.AC_SX1200.jpg,1,78.4,98.0,20.0
Steve Madden,Lancaster Bootie,https://www.zappos.com/p/steve-madden-lancaster-bootie-black-suede/product/9127485/color/106,https://m.media-amazon.com/images/I/61xMkRchUdL.AC_SX600.jpg,1,79.99,99.95,20.0
UGG,Scuff Logo,https://www.zappos.com/p/ugg-scuff-logo-black/product/9400686/color/3,https://m.media-amazon.com/images/I/712CUbFJQpL.AC_SX600.jpg,1,89.95,89.95,0.0
UGG,Ansley,https://www.zappos.com/p/ugg-ansley-light-grey-ii/product/7839419/color/888790,https://m.media-amazon.com/images/I/71olvq7XquL.AC_SX600.jpg,1,99.95,99.95,0.0
UGG,Oh Yeah Slide,https://www.zappos.com/p/ugg-oh-yeah-slide-black/product/9332936/color/3,https://m.media-amazon.com/images/I/71fRPfhR6gL.AC_SX600.jpg,1,99.95,99.95,0.0
Camper,Wabi - 18811,https://www.zappos.com/p/camper-wabi-18811-dark-green-2/product/8168634/color/544132,https://m.media-amazon.com/images/I/717n2A8HKFL.AC_SX600.jpg,1,99.0,99.0,0.0
UGG,Fuzzette,https://www.zappos.com/p/ugg-fuzzette-wild-berry/product/9332945/color/108172,https://m.media-amazon.com/images/I/719VwDsawUL.AC_SX600.jpg,1,89.95,89.95,0.0
Kate Spade New York,Brushed Jersey Jogger Long Pajama Set,https://www.zappos.com/p/kate-spade-new-york-brushed-jersey-jogger-long-pajama-set-logo-dot/product/9443315/color/296371,https://m.media-amazon.com/images/I/71Gd2kHOWlL.AC_SX600.jpg,1,78.0,78.0,0.0
Happy Socks,Beatles 50th Anniversary LP Collector's Box 6-Pack,https://www.zappos.com/p/happy-socks-beatles-50th-anniversary-lp-collector-s-box-6-pack-blue-combo/product/9189520/color/7692,https://m.media-amazon.com/images/I/81Ki7SllkYL.AC_SX600.jpg,1,96.0,96.0,0.0
COACH,Box Program Crossgrain Mini ID Skinny,https://www.zappos.com/p/coach-box-program-crossgrain-mini-id-skinny-gd-electric-red/product/9476069/color/899536,https://m.media-amazon.com/images/I/815tdqT6GRL.AC_SX600.jpg,1,45.5,65.0,30.0
Fossil,FB-01 Three-Hand Date Men's Watch,https://www.zappos.com/p/fossil-fb-01-three-hand-date-men-s-watch-fs5657-silver-stainless-steel/product/9358687/color/888537,https://m.media-amazon.com/images/I/71q8NPn458L.AC_SX600.jpg,1,82.7,125.0,34.0
Sam Edelman,Ethyl,https://www.zappos.com/p/sam-edelman-ethyl-molten-gold-soft-metallic-sheep-leather/product/9357931/color/684169,https://m.media-amazon.com/images/I/81Lp8FtJsML.AC_SX1200.jpg,1,99.95,99.95,0.0
Nike,Tanjun Backpack - All Over Print Femme,https://www.zappos.com/p/nike-tanjun-backpack-all-over-print-femme-black-black-black/product/9411532/color/24150,https://m.media-amazon.com/images/I/91n6B63xpNL.AC_SX600.jpg,1,54.95,54.95,0.0
ASICS Tiger,Japan S,https://www.zappos.com/p/asics-tiger-japan-s-smog-green-smog-green/product/9228118/color/882566,https://m.media-amazon.com/images/I/71a9U7SqUQL.AC_SX600.jpg,1,70.0,70.0,0.0
Herschel Supply Co.,Novel,https://www.zappos.com/p/herschel-supply-co-novel-coyote-slub/product/7995669/color/867543,https://m.media-amazon.com/images/I/71c32-Cl9SL.AC_SX600.jpg,1,62.94,89.99,30.0
The North Face,Osito Jacket,https://www.zappos.com/p/the-north-face-osito-jacket-hawthorne-khaki/product/9233736/color/451556,https://m.media-amazon.com/images/I/81Sf5PCHCOL.AC_SX600.jpg,1,69.25,99.0,30.0
Michael Kors,Arrowhead,https://www.zappos.com/p/michael-kors-arrowhead-rose-gold-1/product/9333581/color/311348,https://m.media-amazon.com/images/I/61IRS1pq6QL.AC_SX600.jpg,1,74.25,99.0,25.0
Tory Burch,Roxanne Circle-Stud Earrings,https://www.zappos.com/p/tory-burch-roxanne-circle-stud-earrings-rolled-brass-clear/product/9482610/color/879276,https://m.media-amazon.com/images/I/71aEKRMYnfL.AC_SX600.jpg,1,88.0,88.0,0.0
Rocket Dog,Travis,https://www.zappos.com/p/rocket-dog-travis-grey/product/9456987/color/401,https://m.media-amazon.com/images/I/71UMXSW1r-L.AC_SX600.jpg,1,55.99,79.95,30.0
Tretorn,Nylite 29 Plus,https://www.zappos.com/p/tretorn-nylite-29-plus-new-white-malva/product/9274251/color/887855,https://m.media-amazon.com/images/I/616PWl3QZAL.AC_SX600.jpg,1,94.9,94.9,0.0
Naturalizer,Hadley,https://www.zappos.com/p/naturalizer-hadley-brown-black-suede-patent-leather/product/9429920/color/881049,https://m.media-amazon.com/images/I/61LxpkHHBsL.AC_SX600.jpg,1,75.2,99.0,24.0
Palladium,Pallabase Twill,https://www.zappos.com/p/palladium-pallabase-twill-moonlight/product/9423149/color/7538,https://m.media-amazon.com/images/I/71tg3SL95PL.AC_SX600.jpg,1,90.0,90.0,0.0
COACH,Card Case in Signature Coated Canvas,https://www.zappos.com/p/coach-card-case-in-signature-coated-canvas-beige/product/9202380/color/43,https://m.media-amazon.com/images/I/81ZSbMgXyWL.AC_SX1200.jpg,1,75.0,75.0,0.0
Polo Ralph Lauren,Antero Slipper,https://www.zappos.com/p/polo-ralph-lauren-antero-slipper-black-leather/product/9307327/color/72,https://m.media-amazon.com/images/I/61V+Wz7pEOL.AC_SX600.jpg,1,80.0,80.0,0.0
Tommy Bahama,Parrot Party Woven Pajama Set,https://www.zappos.com/p/tommy-bahama-parrot-party-woven-pajama-set-parrot-party/product/9430817/color/881367,https://m.media-amazon.com/images/I/817f+PzW8aL.AC_SX600.jpg,1,86.45,86.45,0.0
Tifosi Optics,Seek™ Polarized,https://www.zappos.com/p/tifosi-optics-seek-polarized-tortoise/product/7929011/color/701,https://m.media-amazon.com/images/I/71CUXEW1XQL.AC_SX600.jpg,1,69.95,69.95,0.0
Paul Smith,3-Pack Multistripe Socks,https://www.zappos.com/p/paul-smith-3-pack-multistripe-socks-multicolor/product/9212816/color/475,https://m.media-amazon.com/images/I/91DGh3sZ7tL.AC_SX600.jpg,1,75.0,75.0,0.0
Steve Madden,Goody Sneaker,https://www.zappos.com/p/steve-madden-goody-sneaker-leopard-multi/product/9470670/color/18731,https://m.media-amazon.com/images/I/81kiWtjJqML.AC_SX600.jpg,1,53.4,89.95,41.0
UGG,Scuffette II Stellar Sequin,https://www.zappos.com/p/ugg-scuffette-ii-stellar-sequin-lilac-frost/product/9405576/color/231784,https://m.media-amazon.com/images/I/71FNFCkAAfL.AC_SX600.jpg,1,99.95,99.95,0.0
Ryka,Aubonne,https://www.zappos.com/p/ryka-aubonne-beige/product/9160348/color/43,https://m.media-amazon.com/images/I/7173D7I+DAL.AC_SX600.jpg,1,74.94,74.94,0.0
UGG,Hank Sleep Bottoms,https://www.zappos.com/p/ugg-hank-sleep-bottoms-camo/product/9255453/color/920,https://m.media-amazon.com/images/I/81DRxn5ZYUL.AC_SX600.jpg,1,84.95,84.95,0.0
Deer Stags,Archer,https://www.zappos.com/p/deer-stags-archer-black/product/9449157/color/3,https://m.media-amazon.com/images/I/71mncgxw62L.AC_SX600.jpg,1,80.0,80.0,0.0
Dylan by True Grit,Dream Fleece Soft Snow Bear Cozy Pants,https://www.zappos.com/p/dylan-by-true-grit-dream-fleece-soft-snow-bear-cozy-pants-pale-pink/product/9452091/color/5353,https://m.media-amazon.com/images/I/61ldglvZ3sL.AC_SX600.jpg,1,61.95,61.95,0.0
Steve Madden,Catcher Sneaker,https://www.zappos.com/p/steve-madden-catcher-sneaker-white-multi/product/9488248/color/2927,https://m.media-amazon.com/images/I/61itYI5Rd2L.AC_SX1200.jpg,1,69.95,69.95,0.0
Dr. Scholl's,Little Wild,https://www.zappos.com/p/dr-scholl-s-little-wild-black/product/9462428/color/3,https://m.media-amazon.com/images/I/71K2AcC9YaL.AC_SX600.jpg,1,90.0,90.0,0.0
Spanx,Faux Leather Leggings,https://www.zappos.com/p/spanx-faux-leather-leggings-wine/product/8981348/color/17,https://m.media-amazon.com/images/I/71bcJJHkycL.AC_SX600.jpg,1,78.4,98.0,20.0
COACH,Box Program New Signature Jacquard Small Wristlet,https://www.zappos.com/p/coach-box-program-new-signature-jacquard-small-wristlet-sv-black/product/9476056/color/460451,https://m.media-amazon.com/images/I/81AQUFlmkIL.AC_SX600.jpg,1,65.0,65.0,0.0
Swarovski,Attract Square Stud Pierced Earrings,https://www.zappos.com/p/swarovski-attract-square-stud-pierced-earrings-cz-white-1/product/9335579/color/849317,https://m.media-amazon.com/images/I/71v7jzpbXWL.AC_SX600.jpg,1,44.25,59.0,25.0
Steve Madden,Tracey Sneaker,https://www.zappos.com/p/steve-madden-tracey-sneaker-black/product/9470764/color/3,https://m.media-amazon.com/images/I/81KUHZqWKGL.AC_SX600.jpg,1,74.99,99.95,25.0
SKECHERS,Bregman - Morago,https://www.zappos.com/p/skechers-bregman-morago-tan/product/9331078/color/20,https://m.media-amazon.com/images/I/71X1Jm554mL.AC_SX600.jpg,1,74.95,80.0,6.0
DV Dolce Vita,Nicola,https://www.zappos.com/p/dv-dolce-vita-nicola-black/product/9464413/color/3,https://m.media-amazon.com/images/I/710oj0R7CGL.AC_SX600.jpg,1,79.0,79.0,0.0
Ben Sherman,NU Casual Chukka,https://www.zappos.com/p/ben-sherman-nu-casual-chukka-navy-pu-leather/product/9190700/color/835835,https://m.media-amazon.com/images/I/71m1jkuTzlL.AC_SX600.jpg,1,90.0,90.0,0.0
Chinese Laundry,Keep Up,https://www.zappos.com/p/chinese-laundry-keep-up-mars-taupe-split-suede/product/9341348/color/884850,https://m.media-amazon.com/images/I/712a7OY7EOL.AC_SX600.jpg,1,99.95,99.95,0.0
Brighton,Interlok Hinged Bangle,https://www.zappos.com/p/brighton-interlok-hinged-bangle-silver/product/9498205/color/632,https://m.media-amazon.com/images/I/61WKfOW-giL.AC_SX600.jpg,1,58.0,58.0,0.0
Carole Hochman,Plush Velour Long Wrap Robe,https://www.zappos.com/p/carole-hochman-plush-velour-long-wrap-robe-navy/product/9483133/color/9,https://m.media-amazon.com/images/I/71Km+oDyVfL.AC_SX1200.jpg,1,59.99,75.0,20.0
Dolce Vita,Mochi,https://www.zappos.com/p/dolce-vita-mochi-off-white-plush/product/9479181/color/900883,https://m.media-amazon.com/images/I/61K03VuLVRL.AC_SX600.jpg,1,59.95,59.95,0.0
UGG,Fluffita,https://www.zappos.com/p/ugg-fluffita-sulfur/product/9404821/color/85461,https://m.media-amazon.com/images/I/71RFjZrkgbL.AC_SX600.jpg,1,99.95,99.95,0.0
Hunter,Original Play Short,https://www.zappos.com/p/hunter-original-play-short-zinc/product/9159931/color/18332,https://m.media-amazon.com/images/I/61cX2mi-GGL.AC_SX600.jpg,1,95.0,98.0,3.0
Vans,Classic Slip-On™,https://www.zappos.com/p/vans-classic-slip-on-washed-tie-dye-true-white/product/7213526/color/875079,https://m.media-amazon.com/images/I/71Vihwdzc1L.AC_SX600.jpg,1,59.95,59.95,0.0
UGG,Oh Yeah Slide,https://www.zappos.com/p/ugg-oh-yeah-slide-margarita/product/9332936/color/8994,https://m.media-amazon.com/images/I/61fOT2inTDL.AC_SX600.jpg,1,99.95,99.95,0.0
Lacoste,Powercourt 0520 1,https://www.zappos.com/p/lacoste-powercourt-0520-1-grey-white/product/9449417/color/1522,https://m.media-amazon.com/images/I/617d7IIn9RL.AC_SX600.jpg,1,62.34,90.0,31.0
Kamik,Iceland F,https://www.zappos.com/p/kamik-iceland-f-black/product/9404405/color/3,https://m.media-amazon.com/images/I/71MbuiUay5L.AC_SX600.jpg,1,99.95,99.95,0.0
Barefoot Dreams,Cozy Slipper,https://www.zappos.com/p/barefoot-dreams-cozy-slipper-heather-graphite-white/product/9488299/color/904194,https://m.media-amazon.com/images/I/719v8W0ar4L.AC_SX600.jpg,1,64.0,64.0,0.0
Sperry,Saltwater Duck,https://www.zappos.com/p/sperry-saltwater-duck-brown-navy/product/9414421/color/2311,https://m.media-amazon.com/images/I/71Ci3MWw5cL.AC_SX600.jpg,1,99.95,99.95,0.0
The North Face,Gordon Lyons Full Zip,https://www.zappos.com/p/the-north-face-gordon-lyons-full-zip-brandy-brown-dark-heather-root-brown-dark-heather/product/9226657/color/870387,https://m.media-amazon.com/images/I/81754GCIPDL.AC_SX600.jpg,1,69.25,99.0,30.0
Vans,Era™,https://www.zappos.com/p/vans-era-tiger-patchwork-black-true-white/product/7226566/color/875267,https://m.media-amazon.com/images/I/7162e0V0dlL.AC_SX1200.jpg,1,64.95,64.95,0.0
Herschel Supply Co.,Kaine,https://www.zappos.com/p/herschel-supply-co-kaine-peacoat-woodland-camo-lemon-chrome/product/9233938/color/867562,https://m.media-amazon.com/images/I/81sirPQhe-L.AC_SX600.jpg,1,59.44,84.99,30.0
Swatch,Masa - SO28B100,https://www.zappos.com/p/swatch-masa-so28b100-black/product/9494409/color/3,https://m.media-amazon.com/images/I/61AXaQpi7SL.AC_SX600.jpg,1,70.0,70.0,0.0
Dr. Martens,Cabrillo,https://www.zappos.com/p/dr-martens-cabrillo-gaucho-crazy-horse/product/8563206/color/1652,https://m.media-amazon.com/images/I/819oJa1H8OL.AC_SX600.jpg,1,99.95,99.95,0.0
UGG,Romeo,https://www.zappos.com/p/ugg-romeo-dark-grey/product/9400689/color/4854,https://m.media-amazon.com/images/I/71HCRAaObIL.AC_SX600.jpg,1,99.95,99.95,0.0
Vans,SK8-Hi MTE,https://www.zappos.com/p/vans-sk8-hi-mte-mte-suede-antique-white/product/8348962/color/875889,https://m.media-amazon.com/images/I/71JRsC+lavL.AC_SX600.jpg,1,89.95,89.95,0.0
Dr. Martens,Bonny Tech,https://www.zappos.com/p/dr-martens-bonny-tech-black-khaki-element-camo-poly/product/9314533/color/869292,https://m.media-amazon.com/images/I/81tRchdmp+L.AC_SX600.jpg,1,94.95,94.95,0.0
Nine West,Best,https://www.zappos.com/p/nine-west-best-taupe/product/9488519/color/11,https://m.media-amazon.com/images/I/71MviITcfnL.AC_SX600.jpg,1,55.99,69.0,19.0
Yellow Box,Tarox,https://www.zappos.com/p/yellow-box-tarox-cow/product/9464757/color/51339,https://m.media-amazon.com/images/I/71g3Y7Abd8L.AC_SX600.jpg,1,64.99,80.0,19.0
UGG,Shaye,https://www.zappos.com/p/ugg-shaye-charcoal/product/8661726/color/275,https://m.media-amazon.com/images/I/61OZOPckVIL.AC_SX600.jpg,1,84.95,84.95,0.0
Roxy,Monika Faux Leather Boots,https://www.zappos.com/p/roxy-monika-faux-leather-boots-brown/product/9407239/color/6,https://m.media-amazon.com/images/I/71OihcfTT7L.AC_SX600.jpg,1,88.95,88.95,0.0
Sam Edelman,Ethyl,https://www.zappos.com/p/sam-edelman-ethyl-beach-multi-pacific-snake/product/9357931/color/856507,https://m.media-amazon.com/images/I/817vbFN8y8L.AC_SX1200.jpg,1,69.0,99.95,31.0
The North Face,Canyonlands Full Zip,https://www.zappos.com/p/the-north-face-canyonlands-full-zip-mallard-blue-heather/product/8812223/color/870358,https://m.media-amazon.com/images/I/81K8e9uxM0L.AC_SX600.jpg,1,79.95,79.95,0.0
Clarks,Bushacre 2,https://www.zappos.com/p/clarks-bushacre-2-light-grey-interest-nubuck/product/7743791/color/850114,https://m.media-amazon.com/images/I/71Z0+aZEsvL.AC_SX600.jpg,1,99.95,99.95,0.0
The North Face,Osito Jacket,https://www.zappos.com/p/the-north-face-osito-jacket-asphalt-grey/product/9233736/color/71628,https://m.media-amazon.com/images/I/81aI0tXe8UL.AC_SX600.jpg,1,69.25,99.0,30.0
DV Dolce Vita,Kerry,https://www.zappos.com/p/dv-dolce-vita-kerry-taupe/product/9454701/color/11,https://m.media-amazon.com/images/I/81tT2wIoftL.AC_SX600.jpg,1,56.09,69.0,19.0
Happy Socks,4-Pack Disney Holiday Gift Set,https://www.zappos.com/p/happy-socks-4-pack-disney-holiday-gift-set-dark-red/product/9439154/color/4188,https://m.media-amazon.com/images/I/816Lk6Y+N4L.AC_SX600.jpg,1,64.0,64.0,0.0
MICHAEL Michael Kors,Jet Set Large Zip Pouch,https://www.zappos.com/p/michael-michael-kors-jet-set-large-zip-pouch-cider-multi/product/9455304/color/892704,https://m.media-amazon.com/images/I/91Ow4HoYhwL.AC_SX600.jpg,1,73.5,98.0,25.0
Pendleton,Chief Joseph Muchacho Blanket,https://www.zappos.com/p/pendleton-chief-joseph-muchacho-blanket-purple/product/8791440/color/574,https://m.media-amazon.com/images/I/91AhRwilSfL.AC_SX600.jpg,1,74.63,99.5,25.0
MICHAEL Michael Kors,Jet Set Medium Passport Wallet,https://www.zappos.com/p/michael-michael-kors-jet-set-medium-passport-wallet-brown-multi/product/9462190/color/3091,https://m.media-amazon.com/images/I/91kD25rP7qL.AC_SX600.jpg,1,58.5,78.0,25.0
UGG,Blanche II Robe,https://www.zappos.com/p/ugg-blanche-ii-robe-black-bear-heather/product/9101765/color/579596,https://m.media-amazon.com/images/I/713EirRgQsL.AC_SX600.jpg,1,97.95,97.95,0.0
Kate Spade New York,Brushed Jersey Jogger Long Pajama Set,https://www.zappos.com/p/kate-spade-new-york-brushed-jersey-jogger-long-pajama-set-bundled-up/product/9443315/color/885338,https://m.media-amazon.com/images/I/71IGEIJu8cL.AC_SX600.jpg,1,78.0,78.0,0.0
UGG,Fuzzette,https://www.zappos.com/p/ugg-fuzzette-goat/product/9332945/color/139288,https://m.media-amazon.com/images/I/71i9h3GKydL.AC_SX1200.jpg,1,89.95,89.95,0.0
Donna Karan,Flannel Sleepshirt,https://www.zappos.com/p/donna-karan-flannel-sleepshirt-lips-plaid/product/9444938/color/885985,https://m.media-amazon.com/images/I/81wnRNjEy-L.AC_SX600.jpg,1,64.0,64.0,0.0
Dolce Vita,Mochi,https://www.zappos.com/p/dolce-vita-mochi-leopard-plush/product/9479181/color/900881,https://m.media-amazon.com/images/I/71qM8nHdazL.AC_SX600.jpg,1,59.95,59.95,0.0
Kate Spade New York,Brushed Jersey Jogger Long Pajama Set,https://www.zappos.com/p/kate-spade-new-york-brushed-jersey-jogger-long-pajama-set-dashhounds/product/9443315/color/776641,https://m.media-amazon.com/images/I/81I2nnhdosL.AC_SX600.jpg,1,78.0,78.0,0.0
UGG,Scuffette II Water-Resistant Slipper,https://www.zappos.com/p/ugg-scuffette-ii-water-resistant-slipper-natural/product/107219/color/19,https://m.media-amazon.com/images/I/71yJglrrcrL.AC_SX600.jpg,1,99.95,99.95,0.0
Carole Hochman,Soft Jersey Long Sleeve Pajama Set,https://www.zappos.com/p/carole-hochman-soft-jersey-long-sleeve-pajama-set-berry-birds/product/9483217/color/902374,https://m.media-amazon.com/images/I/81wmXA1SrnL.AC_SX600.jpg,1,68.0,68.0,0.0
Happy Socks,Rolling Stones 6-Pack Sock Box Set,https://www.zappos.com/p/happy-socks-rolling-stones-6-pack-sock-box-set-multi/product/9281950/color/767,https://m.media-amazon.com/images/I/81P4FGVxLVL.AC_SX600.jpg,1,96.0,96.0,0.0
L.L.Bean,Bean Boots Rubber Moc,https://www.zappos.com/p/l-l-bean-bean-boots-rubber-moc-tan-brown/product/9490057/color/680,https://m.media-amazon.com/images/I/71woCfhTK3L.AC_SX600.jpg,1,84.15,99.0,15.0
P.J. Salvage,Wild One Stripe Joggers,https://www.zappos.com/p/p-j-salvage-wild-one-stripe-joggers-camel/product/9454965/color/1430,https://m.media-amazon.com/images/I/81EWzXUJQsL.AC_SX600.jpg,1,61.0,62.0,2.0
Lacoste,L.12.12 Concept Large Shopping Bag,https://www.zappos.com/p/lacoste-l-12-12-concept-large-shopping-bag-agave-green/product/8537295/color/398240,https://m.media-amazon.com/images/I/71u4Dj93UIL.AC_SX600.jpg,1,97.95,97.95,0.0
Converse,Renew Cotton Chuck Taylor All Star Lift - Ox,https://www.zappos.com/p/converse-renew-cotton-chuck-taylor-all-star-lift-ox-silt-red-black-white/product/9317044/color/885006,https://m.media-amazon.com/images/I/71h5sBELUnL.AC_SX600.jpg,1,70.0,70.0,0.0
Steve Madden,Darma-K,https://www.zappos.com/p/steve-madden-darma-k-black-knit/product/9493066/color/19558,https://m.media-amazon.com/images/I/71SkCB9V9BL.AC_SX1200.jpg,1,99.95,99.95,0.0
Kamik,MomentumLo,https://www.zappos.com/p/kamik-momentumlo-teal/product/9071920/color/695,https://m.media-amazon.com/images/I/810DPudYk7L.AC_SX600.jpg,1,89.95,89.95,0.0
UGG,Scuff Logo,https://www.zappos.com/p/ugg-scuff-logo-metal-dark-sapphire/product/9400686/color/870405,https://m.media-amazon.com/images/I/71aKsstl3GL.AC_SX600.jpg,1,89.95,89.95,0.0
Kenneth Cole Reaction,Desert Sun,https://www.zappos.com/p/kenneth-cole-reaction-desert-sun-navy/product/8469766/color/9,https://m.media-amazon.com/images/I/81jeGyueZRL.AC_SX600.jpg,1,79.99,79.99,0.0
Ben Sherman,Bradford Oxford,https://www.zappos.com/p/ben-sherman-bradford-oxford-grey-textile/product/9190669/color/255972,https://m.media-amazon.com/images/I/71OidtwGZ3L.AC_SX600.jpg,1,65.0,65.0,0.0
Rebecca Minkoff,Leo Clutch,https://www.zappos.com/p/rebecca-minkoff-leo-clutch-black-4/product/8452199/color/137695,https://m.media-amazon.com/images/I/A1oAXkE7tJL.AC_SX600.jpg,1,66.5,95.0,30.0
MIA,Patton-F,https://www.zappos.com/p/mia-patton-f-cheetah/product/9441421/color/1901,https://m.media-amazon.com/images/I/813ZlEmnkrL.AC_SX600.jpg,1,79.0,79.0,0.0
Kate Spade New York,Adore-Ables Pave Flex Cuff Bracelet,https://www.zappos.com/p/kate-spade-new-york-adore-ables-pave-flex-cuff-bracelet-ruby/product/9468246/color/2188,https://m.media-amazon.com/images/I/71PwqLJ9vGL.AC_SX600.jpg,1,40.8,68.0,40.0
Dr. Scholl's,Lanyn,https://www.zappos.com/p/dr-scholl-s-lanyn-leopard/product/9457821/color/429,https://m.media-amazon.com/images/I/81qqCmbuoXL.AC_SX600.jpg,1,69.68,85.0,18.0
Natori,Shangri-La Robe,https://www.zappos.com/p/natori-shangri-la-robe-heather-red-lava/product/8640419/color/871997,https://m.media-amazon.com/images/I/71k32Xveb+L.AC_SX600.jpg,1,97.95,97.95,0.0
UGG,Oh Yeah Slide,https://www.zappos.com/p/ugg-oh-yeah-slide-lava-flow/product/9332936/color/655257,https://m.media-amazon.com/images/I/71AEPLocHOL.AC_SX600.jpg,1,99.95,99.95,0.0
UGG,Fluffita,https://www.zappos.com/p/ugg-fluffita-white/product/9404821/color/14,https://m.media-amazon.com/images/I/61VH+0MNX+L.AC_SX1200.jpg,1,99.95,99.95,0.0
The North Face,Neo Dome Crew,https://www.zappos.com/p/the-north-face-neo-dome-crew-evergreen-scarab-green/product/9404233/color/871842,https://m.media-amazon.com/images/I/71Km3+dZjbL.AC_SX600.jpg,1,42.0,60.0,30.0
Native Shoes,Fitzsimmons Treklite,https://www.zappos.com/p/native-shoes-fitzsimmons-treklite-alpine-yellow-storm-blue-onyx-black/product/9237981/color/760910,https://m.media-amazon.com/images/I/718ksZ2qpXL.AC_SX600.jpg,1,94.95,94.95,0.0
ALDO,Glentannaa,https://www.zappos.com/p/aldo-glentannaa-black/product/9466154/color/3,https://m.media-amazon.com/images/I/71WiWhyLvfL.AC_SX600.jpg,1,52.99,65.0,18.0
Teva,Ember Mid,https://www.zappos.com/p/teva-ember-mid-olive-drab/product/9236575/color/66385,https://m.media-amazon.com/images/I/71NtpprCVXL.AC_SX600.jpg,1,90.0,90.0,0.0
Nunn Bush,Odell Wingtip Boot with KORE Walking Comfort Technology,https://www.zappos.com/p/nunn-bush-odell-wingtip-boot-with-kore-walking-comfort-technology-tan-ch/product/9092600/color/543705,https://m.media-amazon.com/images/I/71TBtq9-J8L.AC_SX600.jpg,1,79.95,99.95,20.0
Herschel Supply Co.,Novel,https://www.zappos.com/p/herschel-supply-co-novel-peacoat-camo/product/7995669/color/724852,https://m.media-amazon.com/images/I/71lDMVY2xpL.AC_SX600.jpg,1,62.94,89.99,30.0
Steve Madden,Harken,https://www.zappos.com/p/steve-madden-harken-black/product/8194709/color/3,https://m.media-amazon.com/images/I/71NoHiUVDRL.AC_SX600.jpg,1,84.95,84.95,0.0
Vans,Classic Slip-On™,https://www.zappos.com/p/vans-classic-slip-on-boucle-speckle-true-white/product/7213526/color/875265,https://m.media-amazon.com/images/I/71f45hUOl-L.AC_SX600.jpg,1,64.95,64.95,0.0
ALDO,Sigossaa,https://www.zappos.com/p/aldo-sigossaa-dark-beige/product/9466158/color/8755,https://m.media-amazon.com/images/I/718Ojcw+EWL.AC_SX600.jpg,1,67.95,67.95,0.0
Chinese Laundry,Davinna,https://www.zappos.com/p/chinese-laundry-davinna-white-blush/product/9279923/color/92162,https://m.media-amazon.com/images/I/81o3hjvAbML.AC_SX600.jpg,1,79.95,79.95,0.0
UGG,Ansley,https://www.zappos.com/p/ugg-ansley-pink-cloud/product/7839419/color/188198,https://m.media-amazon.com/images/I/71w4FQo6x9L.AC_SX1200.jpg,1,99.95,99.95,0.0
GUESS,Orana,https://www.zappos.com/p/guess-orana-ivory/product/9477434/color/422,https://m.media-amazon.com/images/I/616NtqP6FmL.AC_SX600.jpg,1,99.0,99.0,0.0
Yellow Box,Telaviz,https://www.zappos.com/p/yellow-box-telaviz-toffee/product/9464756/color/3386,https://m.media-amazon.com/images/I/71WlN4Nk2ML.AC_SX600.jpg,1,80.0,80.0,0.0
SOREL,Snow Angel™ Lace,https://www.zappos.com/p/sorel-snow-angel-lace-rootbeer-1/product/7244840/color/818971,https://m.media-amazon.com/images/I/71YIdNOqOAL.AC_SX600.jpg,1,75.0,100.0,25.0
Koolaburra by UGG,Shara Tall,https://www.zappos.com/p/koolaburra-by-ugg-shara-tall-chestnut/product/9408083/color/278,https://m.media-amazon.com/images/I/71hd0OofEVL.AC_SX600.jpg,1,74.99,99.99,25.0
Columbia,Minx Shorty III,https://www.zappos.com/p/columbia-minx-shorty-iii-currant-berry-jam/product/9066555/color/875529,https://m.media-amazon.com/images/I/814+PTet-6L.AC_SX600.jpg,1,75.0,100.0,25.0
Vera Bradley,Large Travel Duffel,https://www.zappos.com/p/vera-bradley-large-travel-duffel-bedford-blooms/product/9425571/color/896425,https://m.media-amazon.com/images/I/81TBQp0NP1L.AC_SX600.jpg,1,70.0,100.0,30.0
Blue by Betsey Johnson,Sidney,https://www.zappos.com/p/blue-by-betsey-johnson-sidney-rhinestone/product/9492179/color/30459,https://m.media-amazon.com/images/I/81ZnpPkdOiL.AC_SX600.jpg,1,89.0,89.0,0.0
GUESS,Lanten,https://www.zappos.com/p/guess-lanten-gold/product/9477378/color/385,https://m.media-amazon.com/images/I/81gbKcJkcvL.AC_SX600.jpg,1,62.99,79.0,20.0
Circus by Sam Edelman,Polly,https://www.zappos.com/p/circus-by-sam-edelman-polly-black-glitter/product/9461178/color/20704,https://m.media-amazon.com/images/I/81iAwVeQUzL.AC_SX600.jpg,1,63.03,99.0,36.0
Steve Madden,Jabbar,https://www.zappos.com/p/steve-madden-jabbar-dark-tan/product/8737711/color/342,https://m.media-amazon.com/images/I/81EHaPAESoL.AC_SX600.jpg,1,99.95,99.95,0.0
Dr. Martens,Embury,https://www.zappos.com/p/dr-martens-embury-gaucho-crazy-horse/product/9398493/color/1652,https://m.media-amazon.com/images/I/71Q8HNMVEBL.AC_SX1200.jpg,1,99.95,99.95,0.0
Keds,Scout Boot II Suede Nylon WX,https://www.zappos.com/p/keds-scout-boot-ii-suede-nylon-wx-bungee-cord-olive/product/9413493/color/875958,https://m.media-amazon.com/images/I/81zEvbar51L.AC_SX600.jpg,1,89.95,89.95,0.0
Bogs,Sweetpea Chelsea Winter,https://www.zappos.com/p/bogs-sweetpea-chelsea-winter-olive/product/9265780/color/529,https://m.media-amazon.com/images/I/71n7S8cYauL.AC_SX600.jpg,1,60.0,80.0,25.0
UGG,Duffield Throw II,https://www.zappos.com/p/ugg-duffield-throw-ii-red-buffalo-plaid/product/9255836/color/276155,https://m.media-amazon.com/images/I/71ejnnBnLxL.AC_SX600.jpg,1,97.95,97.95,0.0
Happy Socks,Rolling Stones 6-Pack Sock Box Set,https://www.zappos.com/p/happy-socks-rolling-stones-6-pack-sock-box-set-multi/product/9281954/color/767,https://m.media-amazon.com/images/I/81q-CXHPBVL.AC_SX600.jpg,1,96.0,96.0,0.0
UGG Kids,Fluff Yeah Slide (Little Kid/Big Kid),https://www.zappos.com/p/ugg-kids-fluff-yeah-slide-little-kid-big-kid-amphora/product/9079781/color/109476,https://m.media-amazon.com/images/I/818Xp5H-NIL.AC_SX600.jpg,1,74.95,74.95,0.0
UGG,Duffield Throw II,https://www.zappos.com/p/ugg-duffield-throw-ii-stormy-grey/product/9255836/color/22200,https://m.media-amazon.com/images/I/81jqQYmN5EL.AC_SX600.jpg,1,97.95,97.95,0.0
GUESS,Rivet,https://www.zappos.com/p/guess-rivet-white-1/product/9450667/color/90782,https://m.media-amazon.com/images/I/61kbaiWxlJL.AC_SX600.jpg,1,54.99,89.0,38.0
COACH,Box Program Crossgrain Mini ID Skinny,https://www.zappos.com/p/coach-box-program-crossgrain-mini-id-skinny-gd-bright-jade/product/9476069/color/899535,https://m.media-amazon.com/images/I/81iem7Fz5mL.AC_SX600.jpg,1,45.5,65.0,30.0
MICHAEL Michael Kors,Jet Set Large Travel Pouch,https://www.zappos.com/p/michael-michael-kors-jet-set-large-travel-pouch-brown-multi/product/9462189/color/3091,https://m.media-amazon.com/images/I/91IlfC026kL.AC_SX600.jpg,1,73.5,98.0,25.0
Dooney & Bourke,Monogram Zip Around Credit Card Case,https://www.zappos.com/p/dooney-bourke-monogram-zip-around-credit-card-case-charcoal/product/9455163/color/275,https://m.media-amazon.com/images/I/81rcWbCu6dL.AC_SX600.jpg,1,88.0,88.0,0.0
Hammitt,40 West Card Case,https://www.zappos.com/p/hammitt-40-west-card-case-pewter-brushed-silver/product/9485242/color/691449,https://m.media-amazon.com/images/I/71jeF3Km-zL.AC_SX1200.jpg,1,65.0,65.0,0.0
Spanx,Jean-ish Ankle Leggings,https://www.zappos.com/p/spanx-jean-ish-ankle-leggings-stone-wash-camo/product/8725696/color/805785,https://m.media-amazon.com/images/I/81asO4c1C6L.AC_SX600.jpg,1,78.4,98.0,20.0
UGG,Duffield Throw II,https://www.zappos.com/p/ugg-duffield-throw-ii-snow-leopard/product/9255836/color/644,https://m.media-amazon.com/images/I/81wvlpO+0TL.AC_SX600.jpg,1,97.95,97.95,0.0
Spanx,Jean-ish Ankle Leggings,https://www.zappos.com/p/spanx-jean-ish-ankle-leggings-white/product/8725696/color/14,https://m.media-amazon.com/images/I/61+eDyIy7+L.AC_SX600.jpg,1,78.4,98.0,20.0
Circus by Sam Edelman,Polly,https://www.zappos.com/p/circus-by-sam-edelman-polly-ivory-snake-print/product/9461178/color/892301,https://m.media-amazon.com/images/I/811pRHTtgtL.AC_SX600.jpg,1,63.03,99.0,36.0
Tory Burch,Robinson Embossed Color-Block Top Zip Card Case,https://www.zappos.com/p/tory-burch-robinson-embossed-color-block-top-zip-card-case-claret-hummingbird/product/9481808/color/901908,https://m.media-amazon.com/images/I/81+Ndc2VxYL.AC_SX600.jpg,1,98.0,98.0,0.0
Kipling,Sebastian Crossbody Bag,https://www.zappos.com/p/kipling-sebastian-crossbody-bag-urban-stripe/product/9341432/color/363904,https://m.media-amazon.com/images/I/81smpqLh9tL.AC_SX600.jpg,1,78.95,78.95,0.0
Vera Bradley,Packable Weekender,https://www.zappos.com/p/vera-bradley-packable-weekender-blooms-shower-black/product/9172204/color/896710,https://m.media-amazon.com/images/I/81PQNg4tHIL.AC_SX600.jpg,1,42.0,60.0,30.0
MICHAEL Michael Kors,Bedford Legacy Large Travel Wallet,https://www.zappos.com/p/michael-michael-kors-bedford-legacy-large-travel-wallet-brown-multi/product/9462195/color/3091,https://m.media-amazon.com/images/I/8189dMT1eqL.AC_SX600.jpg,1,73.5,98.0,25.0
Spanx,Faux Leather Leggings,https://www.zappos.com/p/spanx-faux-leather-leggings-black/product/8981348/color/3,https://m.media-amazon.com/images/I/71ULdvsESNL.AC_SX600.jpg,1,78.4,98.0,20.0
SOLE / SOCIETY,Talexa,https://www.zappos.com/p/sole-society-talexa-soft-mauve/product/9460452/color/464766,https://m.media-amazon.com/images/I/61OMWLbIRSL.AC_SX600.jpg,1,79.99,99.95,20.0
Clarks,Hero Walk.,https://www.zappos.com/p/clarks-hero-walk-white-combi/product/9401782/color/470738,https://m.media-amazon.com/images/I/61NDK9ieASL.AC_SX1200.jpg,1,74.82,100.0,25.0
Sam Edelman,Tinsley,https://www.zappos.com/p/sam-edelman-tinsley-bright-white-shiny-pvc/product/8605266/color/805831,https://m.media-amazon.com/images/I/6130f9a-LiL.AC_SX600.jpg,1,46.75,55.0,15.0
Kamik,Rogue,https://www.zappos.com/p/kamik-rogue-dark-brown/product/9071886/color/325,https://m.media-amazon.com/images/I/71HGZsPvkqL.AC_SX600.jpg,1,99.95,99.95,0.0
